{
  "metadata": {
    "map_origin_tag_id": 0,
    "tag_size": 0.0625,
    "timestamp": "2025-11-24 20:12:31"
  },
  "tags": {
    "0": {
      "position": [
        0.0,
        0.0,
        0.0
      ],
      "rotation_matrix": [
        [
          1.0,
          0.0,
          0.0
        ],
        [
          0.0,
          1.0,
          0.0
        ],
        [
          0.0,
          0.0,
          1.0
        ]
      ],
      "rotation_euler_deg": [
        0.0,
        0.0,
        0.0
      ],
      "is_origin": true
    },
    "1": {
      "position": [
        0.2013836851876433,
        -0.007005774786352836,
        0.005955245335052595
      ],
      "rotation_matrix": [
        [
          0.986904597445674,
          0.020915683538798736,
          0.15994327032637543
        ],
        [
          -0.014677284920521174,
          0.9990884166191736,
          -0.040086320419238805
        ],
        [
          -0.16063590149139464,
          0.037213840966726947,
          0.986311937062788
        ]
      ],
      "rotation_euler_deg": [
        2.1607617525882126,
        9.243808133538595,
        -0.8520423266409469
      ],
      "is_origin": false
    },
    "2": {
      "position": [
        -0.0014723535732091703,
        -0.09999690790345053,
        -0.007734752075941265
      ],
      "rotation_matrix": [
        [
          0.9996065700054729,
          0.005643942689157902,
          -0.027474553914742014
        ],
        [
          -0.010406800322811155,
          0.984256320233356,
          -0.17644034285767424
        ],
        [
          0.026046184153032555,
          0.17665684813109828,
          0.9839278196592733
        ]
      ],
      "rotation_euler_deg": [
        10.178580819369623,
        -1.4925052103491805,
        -0.5964788683738474
      ],
      "is_origin": false
    }
  }
}