{
  "metadata": {
    "map_origin_tag_id": 0,
    "tag_size": 0.0625,
    "timestamp": "2025-10-29 16:31:44",
    "camera_intrinsics": {
      "fx": 603.59423828125,
      "fy": 603.0836791992188,
      "cx": 329.98138427734375,
      "cy": 246.50851440429688
    }
  },
  "tags": {
    "0": {
      "position": [
        0.0,
        0.0,
        0.0
      ],
      "rotation_matrix": [
        [
          1.0,
          0.0,
          0.0
        ],
        [
          0.0,
          1.0,
          0.0
        ],
        [
          0.0,
          0.0,
          1.0
        ]
      ],
      "rotation_euler_deg": [
        0.0,
        0.0,
        0.0
      ],
      "is_origin": true
    },
    "1": {
      "position": [
        0.19729736001629383,
        -0.0019285250634426612,
        -0.013943469416720644
      ],
      "rotation_matrix": [
        [
          0.9873022772106127,
          0.0012032287971119099,
          0.15884824725253238
        ],
        [
          -0.008464039748834341,
          0.9989493056613039,
          0.04504047901532342
        ],
        [
          -0.15862715229704513,
          -0.04581306537726358,
          0.9862751084737303
        ]
      ],
      "rotation_euler_deg": [
        -2.659511362686499,
        9.12722021571563,
        -0.4911787265879507
      ],
      "is_origin": false
    },
    "2": {
      "position": [
        -0.0019653804255053142,
        -0.1003193960189889,
        -0.0032666628234520045
      ],
      "rotation_matrix": [
        [
          0.999977739406023,
          -0.0047017585502214234,
          -0.0047343594029228275
        ],
        [
          0.004901859151246204,
          0.9990552484094574,
          0.04318081058039714
        ],
        [
          0.004526860863994743,
          -0.04320305651286977,
          0.9990560562043873
        ]
      ],
      "rotation_euler_deg": [
        -2.4761488775794693,
        -0.25937090781338124,
        0.28085984368427114
      ],
      "is_origin": false
    }
  }
}