{
  "metadata": {
    "map_origin_tag_id": 0,
    "tag_size": 0.0625,
    "timestamp": "2025-11-25 22:58:15"
  },
  "tags": {
    "0": {
      "position": [
        0.0,
        0.0,
        0.0
      ],
      "rotation_matrix": [
        [
          1.0,
          0.0,
          0.0
        ],
        [
          0.0,
          1.0,
          0.0
        ],
        [
          0.0,
          0.0,
          1.0
        ]
      ],
      "rotation_euler_deg": [
        0.0,
        0.0,
        0.0
      ],
      "is_origin": true
    },
    "1": {
      "position": [
        0.19662255157346706,
        0.0017061142505457871,
        -0.011186174337681709
      ],
      "rotation_matrix": [
        [
          0.9955279028885584,
          0.0058052186141725765,
          0.0942894161990133
        ],
        [
          -0.0009522225561178614,
          0.9986760038495294,
          -0.05143279700092543
        ],
        [
          -0.09446315600546507,
          0.051113000029116125,
          0.9942153556375559
        ]
      ],
      "rotation_euler_deg": [
        2.943007426827978,
        5.420421964693765,
        -0.05480340312519733
      ],
      "is_origin": false
    },
    "2": {
      "position": [
        0.18764352362230857,
        -0.12462451358950594,
        -0.01704418096917959
      ],
      "rotation_matrix": [
        [
          0.9992359783895518,
          -0.014621533229430309,
          0.03624458936029264
        ],
        [
          0.013355012167192579,
          0.9993000741996326,
          0.034942887039037834
        ],
        [
          -0.03673013942104979,
          -0.03443214298630647,
          0.9987318581018042
        ]
      ],
      "rotation_euler_deg": [
        -1.9745394056767662,
        2.1049554511313358,
        0.7657253065796942
      ],
      "is_origin": false
    }
  }
}