{
  "metadata": {
    "map_origin_tag_id": 0,
    "tag_size": 0.0625,
    "timestamp": "2025-10-28 17:28:16",
    "camera_intrinsics": {
      "fx": 603.59423828125,
      "fy": 603.0836791992188,
      "cx": 329.98138427734375,
      "cy": 246.50851440429688
    }
  },
  "tags": {
    "0": {
      "position": [
        0.0,
        0.0,
        0.0
      ],
      "rotation_matrix": [
        [
          1.0,
          0.0,
          0.0
        ],
        [
          0.0,
          1.0,
          0.0
        ],
        [
          0.0,
          0.0,
          1.0
        ]
      ],
      "rotation_euler_deg": [
        0.0,
        0.0,
        0.0
      ],
      "is_origin": true
    },
    "1": {
      "position": [
        0.19725613622489072,
        -0.0019408682611535,
        -0.013555518951235856
      ],
      "rotation_matrix": [
        [
          0.9787934646895818,
          -0.0020522825549509284,
          0.2048393068170241
        ],
        [
          -0.0005679743603435507,
          0.9999187815400522,
          0.012732153336506282
        ],
        [
          -0.20484880006016706,
          -0.012578491951460704,
          0.9787128029479011
        ]
      ],
      "rotation_euler_deg": [
        -0.7363292099289913,
        11.820648093553135,
        -0.03324759639361024
      ],
      "is_origin": false
    },
    "2": {
      "position": [
        -0.0020132799751260855,
        -0.0999277058676897,
        -0.007028607160036282
      ],
      "rotation_matrix": [
        [
          0.9996491108121236,
          -0.00270967195603539,
          -0.026349818413434124
        ],
        [
          0.00249211003859269,
          0.9999625649881915,
          -0.008286012900848815
        ],
        [
          0.026371284384455483,
          0.00821743878152806,
          0.999618441736539
        ]
      ],
      "rotation_euler_deg": [
        0.4709936667721965,
        -1.5111384822863392,
        0.14283721152119744
      ],
      "is_origin": false
    }
  }
}